Tube_ID,Probability_P,Predicted_Wall_Loss_mm
2000,0.9995002498750625,0.7280913746593006
1999,0.999000499750125,0.6797303861205259
1998,0.9985007496251874,0.6514337764539797
1997,0.9980009995002498,0.6313519373318114
1996,0.9975012493753123,0.6157713300823541
1995,0.9970014992503747,0.6030378455501084
1994,0.9965017491254372,0.5922691315347224
1993,0.9960019990004997,0.5829385024015202
1992,0.9955022488755622,0.5747062351146927
1991,0.9950024987506246,0.5673403691681893
1990,0.9945027486256871,0.5606754565721973
1989,0.9940029985007496,0.5545893366482998
1988,0.993503248375812,0.5489892392290021
1987,0.9930034982508745,0.543803052595039
1986,0.992503748125937,0.5389736113069318
1985,0.9920039980009995,0.5344548313271315
1984,0.991504247876062,0.530209018892001
1983,0.9910044977511244,0.5262049497620267
1982,0.9905047476261869,0.5224164684809696
1981,0.9900049975012494,0.5188214473467934
1980,0.9895052473763118,0.5154009996394154
1979,0.9890054972513743,0.5121388760445956
1978,0.9885057471264368,0.5090209953560167
1977,0.9880059970014992,0.5060350751298514
1976,0.9875062468765616,0.503170337786313
1975,0.9870064967516241,0.5004172743877601
1974,0.9865067466266866,0.49776745302219816
1973,0.9860069965017491,0.4952133620516054
1972,0.9855072463768115,0.4927482808791904
1971,0.985007496251874,0.49036617263431437
1970,0.9845077461269365,0.4880615944603862
1969,0.984007996001999,0.4858296220506
1968,0.9835082458770614,0.4836657857995298
1967,0.9830084957521239,0.48156601648894237
1966,0.9825087456271864,0.47952659884880555
1965,0.9820089955022488,0.4775441316617993
1964,0.9815092453773113,0.47561549333517006
1963,0.9810094952523738,0.4737378120647574
1962,0.9805097451274363,0.47190843987522435
1961,0.9800099950024987,0.4701249299474597
1960,0.9795102448775612,0.468385016745979
1959,0.9790104947526237,0.4666865985413554
1958,0.9785107446276862,0.46502772198944087
1957,0.9780109945027486,0.46340656848358874
1956,0.977511244377811,0.4618214420407444
1955,0.9770114942528735,0.46027075851907817
1954,0.976511744127936,0.4587530359952926
1953,0.9760119940029984,0.4572668861550847
1952,0.9755122438780609,0.4558110065713882
1951,0.9750124937531234,0.4543841737627581
1950,0.9745127436281859,0.45298523693918713
1949,0.9740129935032483,0.4516131123552445
1948,0.9735132433783108,0.4502667782011128
1947,0.9730134932533733,0.4489452699711869
1946,0.9725137431284357,0.447647676257646
1945,0.9720139930034982,0.44637313492304864
1944,0.9715142428785607,0.44512082961169075
1943,0.9710144927536232,0.4438899865643724
1942,0.9705147426286856,0.4426798717054484
1941,0.9700149925037481,0.44148978797470023
1940,0.9695152423788106,0.44031907287974603
1939,0.9690154922538731,0.4391670962474694
1938,0.9685157421289355,0.43803325815535776
1937,0.968015992003998,0.43691698702574805
1936,0.9675162418790604,0.43581773786782413
1935,0.9670164917541229,0.43473499065383014
1934,0.9665167416291853,0.4336682488173851
1933,0.9660169915042478,0.43261703786304806
1932,0.9655172413793103,0.4315809040773857
1931,0.9650174912543728,0.43055941333277853
1930,0.9645177411294352,0.42955214997607233
1929,0.9640179910044977,0.4285587157949547
1928,0.9635182408795602,0.4275787290556221
1927,0.9630184907546226,0.4266118236059193
1926,0.9625187406296851,0.4256576480386748
1925,0.9620189905047476,0.4247158649104509
1924,0.9615192403798101,0.42378615001136
1923,0.9610194902548725,0.4228681916819929
1922,0.960519740129935,0.42196169017385954
1921,0.9600199900049975,0.42106635705005596
1920,0.95952023988006,0.4201819146231608
1919,0.9590204897551224,0.4193080954276182
1918,0.9585207396301849,0.41844464172410123
1917,0.9580209895052474,0.417591305033555
1916,0.9575212393803099,0.41674784569881473
1915,0.9570214892553722,0.4159140324718599
1914,0.9565217391304347,0.41508964212493094
1913,0.9560219890054972,0.4142744590838664
1912,0.9555222388805596,0.41346827508215905
1911,0.9550224887556221,0.41267088883433856
1910,0.9545227386306846,0.41188210572740114
1909,0.9540229885057471,0.41110173752910145
1908,0.9535232383808095,0.41032960211201375
1907,0.953023488255872,0.40956552319234985
1906,0.9525237381309345,0.40880933008259734
1905,0.952023988005997,0.40806085745710896
1904,0.9515242378810594,0.4073199451298385
1903,0.9510244877561219,0.40658643784347565
1902,0.9505247376311844,0.40586018506928473
1901,0.9500249875062469,0.405141040817003
1900,0.9495252373813093,0.4044288634541965
1899,0.9490254872563718,0.4037235155345156
1898,0.9485257371314343,0.40302486363432866
1897,0.9480259870064968,0.4023327781972476
1896,0.9475262368815592,0.40164713338609387
1895,0.9470264867566216,0.40096780694187917
1894,0.9465267366316841,0.400294680049409
1893,0.9460269865067465,0.39962763720913497
1892,0.945527236381809,0.3989665661149151
1891,0.9450274862568715,0.3983113575373548
1890,0.944527736131934,0.3976619052124273
1889,0.9440279860069964,0.39701810573508833
1888,0.9435282358820589,0.39637985845762
1887,0.9430284857571214,0.3957470653924524
1886,0.9425287356321839,0.3951196311192294
1885,0.9420289855072463,0.39449746269589725
1884,0.9415292353823088,0.3938804695736102
1883,0.9410294852573713,0.39326856351525596
1882,0.9405297351324338,0.3926616585174203
1881,0.9400299850074962,0.39205967073561604
1880,0.9395302348825587,0.3914625184126148
1879,0.9390304847576212,0.3908701218097287
1878,0.9385307346326837,0.390282403140896
1877,0.9380309845077461,0.38969928650943675
1876,0.9375312343828086,0.3891206978473468
1875,0.9370314842578711,0.3885465648570122
1874,0.9365317341329334,0.3879768169552259
1873,0.9360319840079959,0.38741138521940144
1872,0.9355322338830584,0.38685020233587797
1871,0.9350324837581209,0.3862932025502225
1870,0.9345327336331833,0.38574032161943567
1869,0.9340329835082458,0.3851914967659755
1868,0.9335332333833083,0.3846466666335153
1867,0.9330334832583708,0.3841057712443592
1866,0.9325337331334332,0.38356875195844065
1865,0.9320339830084957,0.38303555143383394
1864,0.9315342328835582,0.3825061135887122
1863,0.9310344827586207,0.3819803835646888
1862,0.9305347326336831,0.38145830769148203
1861,0.9300349825087456,0.38093983345284677
1860,0.9295352323838081,0.3804249094537181
1859,0.9290354822588706,0.3799134853885161
1858,0.928535732133933,0.37940551201056294
1857,0.9280359820089955,0.3789009411025652
1856,0.927536231884058,0.3783997254481186
1855,0.9270364817591205,0.3779018188041901
1854,0.9265367316341828,0.37740717587454126
1853,0.9260369815092453,0.3769157522840515
1852,0.9255372313843078,0.3764275045539054
1851,0.9250374812593702,0.3759423900776112
1850,0.9245377311344327,0.37546036709781494
1849,0.9240379810094952,0.37498139468388036
1848,0.9235382308845577,0.3745054327102037
1847,0.9230384807596201,0.3740324418352349
1846,0.9225387306346826,0.373562383481178
1845,0.9220389805097451,0.3730952198143436
1844,0.9215392303848076,0.3726309137261302
1843,0.92103948025987,0.3721694288146078
1842,0.9205397301349325,0.3717107293666838
1841,0.920039980009995,0.3712547803408275
1840,0.9195402298850575,0.37080154735033233
1839,0.9190404797601199,0.3703509966470971
1838,0.9185407296351824,0.3699030951059057
1837,0.9180409795102449,0.36945781020918766
1836,0.9175412293853074,0.3690151100322425
1835,0.9170414792603698,0.3685749632289093
1834,0.9165417291354323,0.36813733901766776
1833,0.9160419790104947,0.36770220716815366
1832,0.9155422288855571,0.36726953798807455
1831,0.9150424787606196,0.3668393023105111
1830,0.9145427286356821,0.36641147148159137
1829,0.9140429785107446,0.3659860173485242
1828,0.913543228385807,0.36556291224797954
1827,0.9130434782608695,0.36514212899480314
1826,0.912543728135932,0.3647236408710556
1825,0.9120439780109945,0.36430742161536256
1824,0.9115442278860569,0.36389344541256785
1823,0.9110444777611194,0.36348168688367666
1822,0.9105447276361819,0.3630721210760818
1821,0.9100449775112444,0.36266472345406114
1820,0.9095452273863068,0.36225946988953905
1819,0.9090454772613693,0.36185633665310174
1818,0.9085457271364318,0.36145530040525936
1817,0.9080459770114943,0.3610563381879456
1816,0.9075462268865567,0.360659427416248
1815,0.9070464767616192,0.3602645458703613
1814,0.9065467266366817,0.35987167168775597
1813,0.906046976511744,0.3594807833555562
1812,0.9055472263868065,0.35909185970311985
1811,0.905047476261869,0.3587048798948138
1810,0.9045477261369315,0.35831982342297963
1809,0.9040479760119939,0.3579366701010821
1808,0.9035482258870564,0.3575554000570367
1807,0.9030484757621189,0.35717599372670855
1806,0.9025487256371814,0.3567984318475791
1805,0.9020489755122438,0.3564226954525743
1804,0.9015492253873063,0.35604876586405065
1803,0.9010494752623688,0.35567662468793215
1802,0.9005497251374313,0.3553062538079965
1801,0.9000499750124937,0.35493763538030343
1800,0.8995502248875562,0.35457075182776193
1799,0.8990504747626187,0.3542055858348334
1798,0.8985507246376812,0.3538421203423642
1797,0.8980509745127436,0.353480338542546
1796,0.8975512243878061,0.35312022387399933
1795,0.8970514742628686,0.35276176001697623
1794,0.896551724137931,0.35240493088867964
1793,0.8960519740129935,0.3520497206386951
1792,0.8955522238880559,0.35169611364453274
1791,0.8950524737631184,0.3513440945072746
1790,0.8945527236381808,0.35099364804732613
1789,0.8940529735132433,0.35064475930026784
1788,0.8935532233883058,0.35029741351280486
1787,0.8930534732633683,0.34995159613881077
1786,0.8925537231384307,0.3496072928354641
1785,0.8920539730134932,0.3492644894594745
1784,0.8915542228885557,0.34892317206339607
1783,0.8910544727636182,0.34858332689202465
1782,0.8905547226386806,0.348244940378879
1781,0.8900549725137431,0.34790799914276077
1780,0.8895552223888056,0.3475724899843934
1779,0.889055472263868,0.34723839988313626
1778,0.8885557221389305,0.3469057159937732
1777,0.888055972013993,0.34657442564337215
1776,0.8875562218890555,0.34624451632821607
1775,0.887056471764118,0.3459159757107999
1774,0.8865567216391804,0.3455887916168959
1773,0.8860569715142429,0.345262952032682
1772,0.8855572213893053,0.34493844510193356
1771,0.8850574712643677,0.34461525912327673
1770,0.8845577211394302,0.34429338254750036
1769,0.8840579710144927,0.3439728039749267
1768,0.8835582208895552,0.34365351215283874
1767,0.8830584707646176,0.343335495972962
1766,0.8825587206396801,0.34301874446900066
1765,0.8820589705147426,0.3427032468142258
1764,0.881559220389805,0.34238899231911424
1763,0.8810594702648675,0.3420759704290377
1762,0.88055972013993,0.341764170722
1761,0.8800599700149925,0.3414535829064215
1760,0.879560219890055,0.34114419681897024
1759,0.8790604697651174,0.3408360024224365
1758,0.8785607196401799,0.3405289898036533
1757,0.8780609695152424,0.3402231491714575
1756,0.8775612193903048,0.33991847085469407
1755,0.8770614692653673,0.3396149453002602
1754,0.8765617191404298,0.3393125630711895
1753,0.8760619690154923,0.339011314844775
1752,0.8755622188905546,0.3387111914107288
1751,0.8750624687656171,0.3384121836693808
1750,0.8745627186406796,0.33811428262991094
1749,0.8740629685157421,0.33781747940861817
1748,0.8735632183908045,0.3375217652272232
1747,0.873063468265867,0.3372271314112048
1746,0.8725637181409295,0.3369335693881686
1745,0.872063968015992,0.33664107068624805
1744,0.8715642178910544,0.33634962693253645
1743,0.8710644677661169,0.33605922985154935
1742,0.8705647176411794,0.33576987126371705
1741,0.8700649675162418,0.33548154308390543
1740,0.8695652173913043,0.33519423731996595
1739,0.8690654672663668,0.3349079460713128
1738,0.8685657171414293,0.33462266152752773
1737,0.8680659670164917,0.33433837596699045
1736,0.8675662168915542,0.334055081755536
1735,0.8670664667666167,0.3337727713451367
1734,0.8665667166416792,0.3334914372726089
1733,0.8660669665167416,0.33321107215834395
1732,0.8655672163918041,0.3329316687050633
1731,0.8650674662668665,0.3326532196965958
1730,0.864567716141929,0.3323757179966782
1729,0.8640679660169914,0.3320991565477778
1728,0.8635682158920539,0.33182352836993595
1727,0.8630684657671164,0.3315488265596339
1726,0.8625687156421789,0.3312750442886784
1725,0.8620689655172413,0.33100217480310745
1724,0.8615692153923038,0.33073021142211667
1723,0.8610694652673663,0.3304591475370041
1722,0.8605697151424287,0.3301889766101348
1721,0.8600699650174912,0.3299196921739229
1720,0.8595702148925537,0.3296512878298331
1719,0.8590704647676162,0.32938375724739855
1718,0.8585707146426786,0.3291170941632573
1717,0.8580709645177411,0.32885129238020494
1716,0.8575712143928036,0.32858634576626444
1715,0.8570714642678661,0.32832224825377165
1714,0.8565717141429285,0.3280589938384774
1713,0.856071964017991,0.3277965765786649
1712,0.8555722138930535,0.3275349905942822
1711,0.8550724637681159,0.3272742300660904
1710,0.8545727136431783,0.3270142892348257
1709,0.8540729635182408,0.32675516240037605
1708,0.8535732133933033,0.3264968439209722
1707,0.8530734632683658,0.32623932821239243
1706,0.8525737131434282,0.3259826097471801
1705,0.8520739630184907,0.32572668305387564
1704,0.8515742128935532,0.32547154271626033
1703,0.8510744627686156,0.32521718337261374
1702,0.8505747126436781,0.3249635997149827
1701,0.8500749625187406,0.3247107864884635
1700,0.8495752123938031,0.3244587384904949
1699,0.8490754622688655,0.3242074505701638
1698,0.848575712143928,0.3239569176275221
1697,0.8480759620189905,0.3237071346129142
1696,0.847576211894053,0.3234580965263169
1695,0.8470764617691154,0.32320979841668857
1694,0.8465767116441779,0.32296223538132995
1693,0.8460769615192404,0.3227154025652551
1692,0.8455772113943029,0.3224692951605724
1691,0.8450774612693653,0.3222239084058755
1690,0.8445777111444277,0.3219792375856445
1689,0.8440779610194902,0.32173527802965646
1688,0.8435782108945526,0.3214920251124048
1687,0.8430784607696151,0.32124947425252925
1686,0.8425787106446776,0.3210076209122536
1685,0.8420789605197401,0.320766460596833
1684,0.8415792103948025,0.32052598885400985
1683,0.841079460269865,0.3202862012734784
1682,0.8405797101449275,0.3200470934863574
1681,0.84007996001999,0.31980866116467155
1680,0.8395802098950524,0.3195709000208402
1679,0.8390804597701149,0.31933380580717496
1678,0.8385807096451774,0.31909737431538465
1677,0.8380809595202399,0.31886160137608743
1676,0.8375812093953023,0.31862648285833156
1675,0.8370814592703648,0.31839201466912237
1674,0.8365817091454273,0.31815819275295737
1673,0.8360819590204898,0.3179250130913676
1672,0.8355822088955522,0.31769247170246695
1671,0.8350824587706147,0.31746056464050754
1670,0.8345827086456771,0.3172292879954419
1669,0.8340829585207395,0.3169986378924925
1668,0.833583208395802,0.3167686104917265
1667,0.8330834582708645,0.3165392019876381
1666,0.832583708145927,0.31631040860873616
1665,0.8320839580209894,0.316082226617139
1664,0.8315842078960519,0.3158546523081739
1663,0.8310844577711144,0.3156276820099838
1662,0.8305847076461769,0.31540131208313915
1661,0.8300849575212393,0.31517553892025524
1660,0.8295852073963018,0.31495035894561607
1659,0.8290854572713643,0.3147257686148027
1658,0.8285857071464268,0.31450176441432764
1657,0.8280859570214892,0.31427834286127454
1656,0.8275862068965517,0.3140555005029425
1655,0.8270864567716142,0.31383323391649676
1654,0.8265867066466767,0.3136115397086229
1653,0.8260869565217391,0.3133904145151871
1652,0.8255872063968016,0.31316985500090133
1651,0.8250874562718641,0.3129498578589921
1650,0.8245877061469266,0.3127304198108756
1649,0.8240879560219889,0.31251153760583616
1648,0.8235882058970514,0.3122932080207101
1647,0.8230884557721139,0.31207542785957326
1646,0.8225887056471763,0.3118581939534339
1645,0.8220889555222388,0.311641503159929
1644,0.8215892053973013,0.3114253523630255
1643,0.8210894552723638,0.31120973847272515
1642,0.8205897051474262,0.31099465842477414
1641,0.8200899550224887,0.3107801091803761
1640,0.8195902048975512,0.3105660877259094
1639,0.8190904547726137,0.31035259107264845
1638,0.8185907046476761,0.3101396162564888
1637,0.8180909545227386,0.3099271603376756
1636,0.8175912043978011,0.3097152204005365
1635,0.8170914542728636,0.30950379355321767
1634,0.816591704147926,0.3092928769274236
1633,0.8160919540229885,0.3090824676781604
1632,0.815592203898051,0.3088725629834826
1631,0.8150924537731135,0.3086631600442436
1630,0.8145927036481759,0.3084542560838489
1629,0.8140929535232383,0.30824584834801316
1628,0.8135932033983008,0.3080379341045208
1627,0.8130934532733632,0.30783051064298855
1626,0.8125937031484257,0.30762357527463274
1625,0.8120939530234882,0.30741712533203863
1624,0.8115942028985507,0.30721115816893313
1623,0.8110944527736131,0.3070056711599606
1622,0.8105947026486756,0.3068006617004615
1621,0.8100949525237381,0.30659612720625395
1620,0.8095952023988006,0.3063920651134184
1619,0.809095452273863,0.3061884728780845
1618,0.8085957021489255,0.3059853479762217
1617,0.808095952023988,0.30578268790343155
1616,0.8075962018990505,0.30558049017474376
1615,0.8070964517741129,0.3053787523244138
1614,0.8065967016491754,0.305177471905724
1613,0.8060969515242379,0.3049766464907867
1612,0.8055972013993004,0.30477627367035043
1611,0.8050974512743628,0.30457635105360786
1610,0.8045977011494253,0.3043768762680069
1609,0.8040979510244878,0.30417784695906375
1608,0.8035982008995501,0.30397926079017856
1607,0.8030984507746126,0.3037811154424536
1606,0.8025987006496751,0.30358340861451305
1605,0.8020989505247376,0.303386138022326
1604,0.8015992003998,0.3031893013990308
1603,0.8010994502748625,0.30299289649476235
1602,0.800599700149925,0.30279692107648104
1601,0.8000999500249875,0.3026013729278042
1600,0.7996001999000499,0.3024062498488392
1599,0.7991004497751124,0.30221154965601915
1598,0.7986006996501749,0.3020172701819404
1597,0.7981009495252374,0.3018234092752019
1596,0.7976011994002998,0.30162996480024673
1595,0.7971014492753623,0.3014369346372056
1594,0.7966016991504248,0.30124431668174223
1593,0.7961019490254873,0.3010521088449005
1592,0.7956021989005497,0.3008603090529538
1591,0.7951024487756122,0.3006689152472558
1590,0.7946026986506747,0.3004779253840933
1589,0.7941029485257372,0.3002873374345409
1588,0.7936031984007995,0.3000971493843172
1587,0.793103448275862,0.299907359233643
1586,0.7926036981509245,0.299717964997101
1585,0.7921039480259869,0.29952896470349744
1584,0.7916041979010494,0.299340356395725
1583,0.7911044477761119,0.2991521381306276
1582,0.7906046976511744,0.298964307978867
1581,0.7901049475262368,0.2987768640247908
1580,0.7896051974012993,0.29858980436630156
1579,0.7891054472763618,0.29840312711472844
1578,0.7886056971514243,0.2982168303946994
1577,0.7881059470264867,0.2980309123440156
1576,0.7876061969015492,0.2978453711135269
1575,0.7871064467766117,0.2976602048670089
1574,0.7866066966516742,0.29747541178104153
1573,0.7861069465267366,0.297290990044889
1572,0.7856071964017991,0.2971069378603809
1571,0.7851074462768616,0.29692325344179515
1570,0.784607696151924,0.29673993501574214
1569,0.7841079460269865,0.29655698082104975
1568,0.783608195902049,0.29637438910865055
1567,0.7831084457771114,0.2961921581414695
1566,0.7826086956521738,0.2960102861943135
1565,0.7821089455272363,0.29582877155376197
1564,0.7816091954022988,0.2956476125180585
1563,0.7811094452773613,0.29546680739700404
1562,0.7806096951524237,0.2952863545118515
1561,0.7801099450274862,0.2951062521952007
1560,0.7796101949025487,0.29492649879089566
1559,0.7791104447776112,0.29474709265392196
1558,0.7786106946526736,0.29456803215030597
1557,0.7781109445277361,0.2943893156570152
1556,0.7776111944027986,0.2942109415618591
1555,0.777111444277861,0.29403290826339196
1554,0.7766116941529235,0.29385521417081606
1553,0.776111944027986,0.29367785770388627
1552,0.7756121939030485,0.29350083729281573
1551,0.775112443778111,0.2933241513781825
1550,0.7746126936531734,0.2931477984108373
1549,0.7741129435282359,0.29297177685181214
1548,0.7736131934032984,0.29279608517223005
1547,0.7731134432783607,0.29262072185321586
1546,0.7726136931534232,0.29244568538580806
1545,0.7721139430284857,0.29227097427087106
1544,0.7716141929035482,0.2920965870190092
1543,0.7711144427786106,0.29192252215048126
1542,0.7706146926536731,0.29174877819511574
1541,0.7701149425287356,0.29157535369222753
1540,0.769615192403798,0.2914022471905351
1539,0.7691154422788605,0.2912294572480788
1538,0.768615692153923,0.29105698243213995
1537,0.7681159420289855,0.29088482131916077
1536,0.767616191904048,0.2907129724946652
1535,0.7671164417791104,0.2905414345531808
1534,0.7666166916541729,0.29037020609816105
1533,0.7661169415292354,0.2901992857419087
1532,0.7656171914042978,0.29002867210549993
1531,0.7651174412793603,0.2898583638187097
1530,0.7646176911544228,0.28968835951993716
1529,0.7641179410294853,0.28951865785613207
1528,0.7636181909045477,0.28934925748272255
1527,0.7631184407796102,0.28918015706354294
1526,0.7626186906546726,0.28901135527076277
1525,0.7621189405297351,0.2888428507848162
1524,0.7616191904047975,0.28867464229433265
1523,0.76111944027986,0.2885067284960675
1522,0.7606196901549225,0.2883391080948342
1521,0.760119940029985,0.2881717798034367
1520,0.7596201899050474,0.2880047423426025
1519,0.7591204397801099,0.28783799444091673
1518,0.7586206896551724,0.2876715348347566
1517,0.7581209395302348,0.28750536226822687
1516,0.7576211894052973,0.28733947549309546
1515,0.7571214392803598,0.28717387326873034
1514,0.7566216891554223,0.2870085543620366
1513,0.7561219390304847,0.2868435175473942
1512,0.7556221889055472,0.28667876160659683
1511,0.7551224387806097,0.28651428532879086
1510,0.7546226886556722,0.2863500875104149
1509,0.7541229385307346,0.28618616695514065
1508,0.7536231884057971,0.2860225224738133
1507,0.7531234382808596,0.2858591528843938
1506,0.752623688155922,0.2856960570119001
1505,0.7521239380309844,0.2855332336883508
1504,0.7516241879060469,0.2853706817527082
1503,0.7511244377811094,0.28520840005082154
1502,0.7506246876561719,0.2850463874353726
1501,0.7501249375312343,0.28488464276581965
1500,0.7496251874062968,0.28472316490834376
1499,0.7491254372813593,0.28456195273579443
1498,0.7486256871564217,0.28440100512763644
1497,0.7481259370314842,0.284240320969897
1496,0.7476261869065467,0.2840798991551132
1495,0.7471264367816092,0.2839197385822808
1494,0.7466266866566716,0.2837598381568022
1493,0.7461269365317341,0.28360019679043613
1492,0.7456271864067966,0.28344081340124716
1491,0.7451274362818591,0.2832816869135562
1490,0.7446276861569215,0.28312281625789076
1489,0.744127936031984,0.2829642003709365
1488,0.7436281859070465,0.2828058381954886
1487,0.743128435782109,0.2826477286804041
1486,0.7426286856571714,0.28248987078055443
1485,0.7421289355322338,0.2823322634567783
1484,0.7416291854072963,0.2821749056758355
1483,0.7411294352823588,0.28201779641036034
1482,0.7406296851574212,0.2818609346388168
1481,0.7401299350324837,0.28170431934545254
1480,0.7396301849075462,0.28154794952025475
1479,0.7391304347826086,0.2813918241589056
1478,0.7386306846576711,0.2812359422627383
1477,0.7381309345327336,0.2810803028386938
1476,0.7376311844077961,0.28092490489927757
1475,0.7371314342828585,0.28076974746251715
1474,0.736631684157921,0.2806148295519196
1473,0.7361319340329835,0.2804601501964299
1472,0.735632183908046,0.2803057084303896
1471,0.7351324337831084,0.2801515032934955
1470,0.7346326836581709,0.2799975338307588
1469,0.7341329335332334,0.27984379909246554
1468,0.7336331834082959,0.27969029813413593
1467,0.7331334332833583,0.2795370300164853
1466,0.7326336831584208,0.2793839938053845
1465,0.7321339330334832,0.27923118857182144
1464,0.7316341829085456,0.2790786133918627
1463,0.7311344327836081,0.2789262673466151
1462,0.7306346826586706,0.27877414952218815
1461,0.7301349325337331,0.27862225900965665
1460,0.7296351824087955,0.27847059490502357
1459,0.729135432283858,0.2783191563091837
1458,0.7286356821589205,0.2781679423278867
1457,0.728135932033983,0.2780169520717016
1456,0.7276361819090454,0.2778661846559807
1455,0.7271364317841079,0.2777156392008243
1454,0.7266366816591704,0.2775653148310462
1453,0.7261369315342329,0.27741521067613784
1452,0.7256371814092953,0.277265325870235
1451,0.7251374312843578,0.27711565955208295
1450,0.7246376811594203,0.2769662108650031
1449,0.7241379310344828,0.27681697895685925
1448,0.7236381809095452,0.27666796298002444
1447,0.7231384307846077,0.27651916209134825
1446,0.7226386806596702,0.27637057545212385
1445,0.7221389305347327,0.27622220222805605
1444,0.721639180409795,0.2760740415892291
1443,0.7211394302848575,0.2759260927100751
1442,0.72063968015992,0.27577835476934226
1441,0.7201399300349824,0.27563082695006413
1440,0.7196401799100449,0.2754835084395284
1439,0.7191404297851074,0.2753363984292465
1438,0.7186406796601699,0.275189496114923
1437,0.7181409295352323,0.27504280069642595
1436,0.7176411794102948,0.27489631137775655
1435,0.7171414292853573,0.2747500273670201
1434,0.7166416791604198,0.27460394787639636
1433,0.7161419290354822,0.27445807212211076
1432,0.7156421789105447,0.2743123993244054
1431,0.7151424287856072,0.27416692870751064
1430,0.7146426786606697,0.274021659499617
1429,0.7141429285357321,0.2738765909328468
1428,0.7136431784107946,0.2737317222432265
1427,0.7131434282858571,0.2735870526706594
1426,0.7126436781609196,0.273442581458898
1425,0.712143928035982,0.27329830785551695
1424,0.7116441779110444,0.2731542311118865
1423,0.7111444277861069,0.27301035048314576
1422,0.7106446776611693,0.2728666652281761
1421,0.7101449275362318,0.2727231746095754
1420,0.7096451774112943,0.2725798778936317
1419,0.7091454272863568,0.2724367743502979
1418,0.7086456771614192,0.27229386325316596
1417,0.7081459270364817,0.272151143879442
1416,0.7076461769115442,0.27200861550992067
1415,0.7071464267866067,0.27186627742896097
1414,0.7066466766616691,0.2717241289244612
1413,0.7061469265367316,0.27158216928783463
1412,0.7056471764117941,0.2714403978139854
1411,0.7051474262868566,0.2712988138012843
1410,0.704647676161919,0.27115741655154524
1409,0.7041479260369815,0.27101620537000143
1408,0.703648175912044,0.2708751795652821
1407,0.7031484257871065,0.27073433844938916
1406,0.7026486756621689,0.27059368133767436
1405,0.7021489255372314,0.2704532075488162
1404,0.7016491754122939,0.2703129164047976
1403,0.7011494252873562,0.27017280723088327
1402,0.7006496751624187,0.27003287935559755
1401,0.7001499250374812,0.2698931321107022
1400,0.6996501749125437,0.26975356483117474
1399,0.6991504247876061,0.2696141768551863
1398,0.6986506746626686,0.2694749675240806
1397,0.6981509245377311,0.2693359361823524
1396,0.6976511744127936,0.2691970821776262
1395,0.697151424287856,0.26905840486063526
1394,0.6966516741629185,0.268919903585201
1393,0.696151924037981,0.2687815777082121
1392,0.6956521739130435,0.26864342658960405
1391,0.6951524237881059,0.26850544959233874
1390,0.6946526736631684,0.26836764608238467
1389,0.6941529235382309,0.26823001542869657
1388,0.6936531734132934,0.26809255700319556
1387,0.6931534232883558,0.2679552701807497
1386,0.6926536731634183,0.26781815433915446
1385,0.6921539230384808,0.2676812088591132
1384,0.6916541729135433,0.26754443312421783
1383,0.6911544227886056,0.2674078265209303
1382,0.6906546726636681,0.26727138843856324
1381,0.6901549225387306,0.2671351182692613
1380,0.689655172413793,0.26699901540798265
1379,0.6891554222888555,0.2668630792524804
1378,0.688655672163918,0.2667273092032845
1377,0.6881559220389805,0.2665917046636835
1376,0.6876561719140429,0.2664562650397063
1375,0.6871564217891054,0.2663209897401048
1374,0.6866566716641679,0.2661858781763356
1373,0.6861569215392304,0.26605092976254274
1372,0.6856571714142928,0.2659161439155404
1371,0.6851574212893553,0.26578152005479505
1370,0.6846576711644178,0.2656470576024089
1369,0.6841579210394803,0.26551275598310253
1368,0.6836581709145427,0.2653786146241979
1367,0.6831584207896052,0.2652446329556017
1366,0.6826586706646677,0.2651108104097889
1365,0.6821589205397302,0.26497714642178594
1364,0.6816591704147926,0.26484364042915437
1363,0.6811594202898551,0.2647102918719749
1362,0.6806596701649175,0.26457710019283087
1361,0.6801599200399799,0.26444406483679256
1360,0.6796601699150424,0.264311185251401
1359,0.6791604197901049,0.26417846088665253
1358,0.6786606696651674,0.26404589119498306
1357,0.6781609195402298,0.26391347563125234
1356,0.6776611694152923,0.2637812136527289
1355,0.6771614192903548,0.2636491047190744
1354,0.6766616691654173,0.2635171482923289
1353,0.6761619190404797,0.2633853438368955
1352,0.6756621689155422,0.2632536908195254
1351,0.6751624187906047,0.26312218870930326
1350,0.6746626686656672,0.2629908369776324
1349,0.6741629185407296,0.26285963509822025
1348,0.6736631684157921,0.26272858254706366
1347,0.6731634182908546,0.2625976788024349
1346,0.672663668165917,0.262466923344867
1345,0.6721639180409795,0.2623363156571399
1344,0.671664167916042,0.26220585522426626
1343,0.6711644177911045,0.26207554153347745
1342,0.6706646676661668,0.26194537407420987
1341,0.6701649175412293,0.26181535233809106
1340,0.6696651674162918,0.26168547581892626
1339,0.6691654172913543,0.2615557440126846
1338,0.6686656671664167,0.2614261564174859
1337,0.6681659170414792,0.26129671253358716
1336,0.6676661669165417,0.2611674118633695
1335,0.6671664167916042,0.26103825391132507
1334,0.6666666666666666,0.26090923818404355
1333,0.6661669165417291,0.26078036419019984
1332,0.6656671664167916,0.2606516314405408
1331,0.665167416291854,0.2605230394478727
1330,0.6646676661669165,0.2603945877270483
1329,0.664167916041979,0.2602662757949546
1328,0.6636681659170415,0.26013810317050023
1327,0.663168415792104,0.260010069374603
1326,0.6626686656671664,0.2598821739301777
1325,0.6621689155422289,0.2597544163621239
1324,0.6616691654172914,0.25962679619731377
1323,0.6611694152923538,0.2594993129645801
1322,0.6606696651674163,0.2593719661947044
1321,0.6601699150424787,0.25924475542040487
1320,0.6596701649175412,0.259117680176325
1319,0.6591704147926036,0.25899073999902156
1318,0.6586706646676661,0.2588639344269529
1317,0.6581709145427286,0.25873726300046795
1316,0.657671164417791,0.2586107252617943
1315,0.6571714142928535,0.25848432075502703
1314,0.656671664167916,0.25835804902611753
1313,0.6561719140429785,0.25823190962286213
1312,0.655672163918041,0.25810590209489126
1311,0.6551724137931034,0.25798002599365805
1310,0.6546726636681659,0.2578542808724276
1309,0.6541729135432284,0.25772866628626634
1308,0.6536731634182908,0.2576031817920307
1307,0.6531734132933533,0.2574778269483568
1306,0.6526736631684158,0.2573526013156497
1305,0.6521739130434783,0.2572275044560728
1304,0.6516741629185407,0.2571025359335374
1303,0.6511744127936032,0.2569776953136922
1302,0.6506746626686657,0.256852982163913
1301,0.6501749125437281,0.2567283960532925
1300,0.6496751624187905,0.25660393655263
1299,0.649175412293853,0.2564796032344213
1298,0.6486756621689155,0.2563553956728486
1297,0.648175912043978,0.25623131344377065
1296,0.6476761619190404,0.2561073561247126
1295,0.6471764117941029,0.2559835232948564
1294,0.6466766616691654,0.25585981453503087
1293,0.6461769115442278,0.2557362294277019
1292,0.6456771614192903,0.25561276755696316
1291,0.6451774112943528,0.25548942850852596
1290,0.6446776611694153,0.25536621186971037
1289,0.6441779110444777,0.2552431172294352
1288,0.6436781609195402,0.25512014417820894
1287,0.6431784107946027,0.2549972923081204
1286,0.6426786606696652,0.2548745612128295
1285,0.6421789105447276,0.25475195048755767
1284,0.6416791604197901,0.2546294597290794
1283,0.6411794102948526,0.25450708853571263
1282,0.6406796601699151,0.2543848365073099
1281,0.6401799100449774,0.2542627032452496
1280,0.6396801599200399,0.25414068835242665
1279,0.6391804097951024,0.2540187914332441
1278,0.6386806596701649,0.25389701209360416
1277,0.6381809095452273,0.25377534994089956
1276,0.6376811594202898,0.2536538045840048
1275,0.6371814092953523,0.2535323756332677
1274,0.6366816591704147,0.2534110627005007
1273,0.6361819090454772,0.2532898653989726
1272,0.6356821589205397,0.2531687833433999
1271,0.6351824087956022,0.25304781614993854
1270,0.6346826586706646,0.25292696343617577
1269,0.6341829085457271,0.25280622482112164
1268,0.6336831584207896,0.2526855999252008
1267,0.6331834082958521,0.2525650883702446
1266,0.6326836581709145,0.2524446897794828
1265,0.632183908045977,0.2523244037775355
1264,0.6316841579210395,0.25220422999040537
1263,0.631184407796102,0.2520841680454695
1262,0.6306846576711644,0.2519642175714717
1261,0.6301849075462269,0.2518443781985144
1260,0.6296851574212893,0.2517246495580513
1259,0.6291854072963518,0.25160503128287914
1258,0.6286856571714142,0.2514855230071306
1257,0.6281859070464767,0.2513661243662661
1256,0.6276861569215392,0.25124683499706657
1255,0.6271864067966016,0.2511276545376258
1254,0.6266866566716641,0.25100858262734305
1253,0.6261869065467266,0.25088961890691563
1252,0.6256871564217891,0.25077076301833134
1251,0.6251874062968515,0.25065201460486136
1250,0.624687656171914,0.2505333733110527
1249,0.6241879060469765,0.2504148387827213
1248,0.623688155922039,0.2502964106669445
1247,0.6231884057971014,0.2501780886120543
1246,0.6226886556721639,0.25005987226762966
1245,0.6221889055472264,0.24994176128449005
1244,0.6216891554222889,0.2498237553146881
1243,0.6211894052973513,0.24970585401150266
1242,0.6206896551724138,0.24958805702943201
1241,0.6201899050474763,0.24947036402418685
1240,0.6196901549225386,0.24935277465268352
1239,0.6191904047976011,0.24923528857303723
1238,0.6186906546726636,0.24911790544455525
1237,0.6181909045477261,0.24900062492773026
1236,0.6176911544227885,0.24888344668423362
1235,0.617191404297851,0.24876637037690882
1234,0.6166916541729135,0.24864939566976485
1233,0.616191904047976,0.2485325222279697
1232,0.6156921539230384,0.2484157497178438
1231,0.6151924037981009,0.2482990778068536
1230,0.6146926536731634,0.24818250616360515
1229,0.6141929035482259,0.2480660344578377
1228,0.6136931534232883,0.24794966236041738
1227,0.6131934032983508,0.24783338954333092
1226,0.6126936531734133,0.24771721567967936
1225,0.6121939030484758,0.24760114044367174
1224,0.6116941529235382,0.2474851635106191
1223,0.6111944027986007,0.2473692845569282
1222,0.6106946526736632,0.24725350326009546
1221,0.6101949025487257,0.2471378192987008
1220,0.6096951524237881,0.24702223235240178
1219,0.6091954022988505,0.2469067421019274
1218,0.608695652173913,0.2467913482290723
1217,0.6081959020489754,0.24667605041669077
1216,0.6076961519240379,0.2465608483486908
1215,0.6071964017991004,0.2464457417100283
1214,0.6066966516741629,0.24633073018670132
1213,0.6061969015492253,0.24621581346574412
1212,0.6056971514242878,0.2461009912352216
1211,0.6051974012993503,0.2459862631842234
1210,0.6046976511744128,0.24587162900285836
1209,0.6041979010494752,0.24575708838224886
1208,0.6036981509245377,0.2456426410145251
1207,0.6031984007996002,0.24552828659281967
1206,0.6026986506746627,0.24541402481126182
1205,0.6021989005497251,0.24529985536497217
1204,0.6016991504247876,0.24518577795005703
1203,0.6011994002998501,0.24507179226360307
1202,0.6006996501749126,0.2449578980036718
1201,0.600199900049975,0.24484409486929432
1200,0.5997001499250375,0.24473038256046592
1199,0.5992003998000999,0.2446167607781406
1198,0.5987006496751623,0.24450322922422607
1197,0.5982008995502248,0.2443897876015782
1196,0.5977011494252873,0.2442764356139961
1195,0.5972013993003498,0.2441631729662165
1194,0.5967016491754122,0.24404999936390903
1193,0.5962018990504747,0.2439369145136708
1192,0.5957021489255372,0.24382391812302137
1191,0.5952023988005997,0.24371100990039768
1190,0.5947026486756621,0.24359818955514898
1189,0.5942028985507246,0.2434854567975318
1188,0.5937031484257871,0.24337281133870503
1187,0.5932033983008496,0.24326025289072487
1186,0.592703648175912,0.2431477811665399
1185,0.5922038980509745,0.24303539587998627
1184,0.591704147926037,0.24292309674578266
1183,0.5912043978010995,0.24281088347952556
1182,0.5907046476761619,0.2426987557976845
1181,0.5902048975512244,0.24258671341759697
1180,0.5897051474262869,0.24247475605746394
1179,0.5892053973013494,0.24236288343634507
1178,0.5887056471764117,0.2422510952741538
1177,0.5882058970514742,0.24213939129165296
1176,0.5877061469265367,0.2420277712104498
1175,0.5872063968015991,0.2419162347529916
1174,0.5867066466766616,0.24180478164256086
1173,0.5862068965517241,0.24169341160327093
1172,0.5857071464267866,0.2415821243600612
1171,0.585207396301849,0.2414709196386928
1170,0.5847076461769115,0.24135979716574393
1169,0.584207896051974,0.24124875666860543
1168,0.5837081459270365,0.24113779787547635
1167,0.5832083958020989,0.24102692051535943
1166,0.5827086456771614,0.24091612431805678
1165,0.5822088955522239,0.24080540901416547
1164,0.5817091454272864,0.24069477433507308
1163,0.5812093953023488,0.24058422001295351
1162,0.5807096451774113,0.2404737457807625
1161,0.5802098950524738,0.24036335137223347
1160,0.5797101449275363,0.24025303652187321
1159,0.5792103948025987,0.2401428009649576
1158,0.5787106446776611,0.24003264443752736
1157,0.5782108945527236,0.239922566676384
1156,0.577711144427786,0.23981256741908552
1155,0.5772113943028485,0.23970264640394218
1154,0.576711644177911,0.23959280337001249
1153,0.5762118940529735,0.23948303805709917
1152,0.5757121439280359,0.2393733502057448
1151,0.5752123938030984,0.23926373955722804
1150,0.5747126436781609,0.2391542058535594
1149,0.5742128935532234,0.2390447488374772
1148,0.5737131434282858,0.23893536825244374
1147,0.5732133933033483,0.23882606384264113
1146,0.5727136431784108,0.23871683535296745
1145,0.5722138930534733,0.2386076825290327
1144,0.5717141429285357,0.23849860511715498
1143,0.5712143928035982,0.23838960286435656
1142,0.5707146426786607,0.23828067551836
1141,0.5702148925537232,0.2381718228275842
1140,0.5697151424287856,0.2380630445411407
1139,0.5692153923038481,0.23795434040882973
1138,0.5687156421789106,0.23784571018113665
1137,0.5682158920539729,0.2377371536092277
1136,0.5677161419290354,0.23762867044494682
1135,0.5672163918040979,0.23752026044081143
1134,0.5667166416791604,0.23741192335000896
1133,0.5662168915542228,0.23730365892639305
1132,0.5657171414292853,0.2371954669244799
1131,0.5652173913043478,0.23708734709944462
1130,0.5647176411794103,0.23697929920711747
1129,0.5642178910544727,0.2368713230039804
1128,0.5637181409295352,0.23676341824716327
1127,0.5632183908045977,0.2366555846944404
1126,0.5627186406796602,0.23654782210422684
1125,0.5622188905547226,0.23644013023557497
1124,0.5617191404297851,0.2363325088481709
1123,0.5612193903048476,0.2362249577023308
1122,0.56071964017991,0.23611747655899762
1121,0.5602198900549725,0.23601006517973752
1120,0.559720139930035,0.23590272332673634
1119,0.5592203898050975,0.23579545076279612
1118,0.55872063968016,0.2356882472513318
1117,0.5582208895552223,0.23558111255636777
1116,0.5577211394302848,0.2354740464425343
1115,0.5572213893053473,0.23536704867506433
1114,0.5567216391804097,0.23526011901979005
1113,0.5562218890554722,0.23515325724313946
1112,0.5557221389305347,0.23504646311213317
1111,0.5552223888055972,0.23493973639438095
1110,0.5547226386806596,0.23483307685807853
1109,0.5542228885557221,0.23472648427200415
1108,0.5537231384307846,0.23461995840551553
1107,0.553223388305847,0.23451349902854635
1106,0.5527236381809095,0.2344071059116031
1105,0.552223888055972,0.234300778825762
1104,0.5517241379310345,0.23419451754266551
1103,0.551224387806097,0.23408832183451933
1102,0.5507246376811594,0.23398219147408914
1101,0.5502248875562219,0.23387612623469745
1100,0.5497251374312844,0.2337701258902204
1099,0.5492253873063468,0.23366419021508472
1098,0.5487256371814093,0.23355831898426443
1097,0.5482258870564718,0.23345251197327796
1096,0.5477261369315342,0.23334676895818476
1095,0.5472263868065966,0.23324108971558255
1094,0.5467266366816591,0.23313547402260398
1093,0.5462268865567216,0.2330299216569136
1092,0.545727136431784,0.23292443239670507
1091,0.5452273863068465,0.23281900602069777
1090,0.544727636181909,0.23271364230813402
1089,0.5442278860569715,0.23260834103877606
1088,0.543728135932034,0.23250310199290297
1087,0.5432283858070964,0.23239792495130773
1086,0.5427286356821589,0.2322928096952943
1085,0.5422288855572214,0.23218775600667463
1084,0.5417291354322838,0.23208276366776573
1083,0.5412293853073463,0.23197783246138673
1082,0.5407296351824088,0.231872962170856
1081,0.5402298850574713,0.23176815257998823
1080,0.5397301349325337,0.23166340347309158
1079,0.5392303848075962,0.23155871463496475
1078,0.5387306346826587,0.23145408585089414
1077,0.5382308845577212,0.23134951690665104
1076,0.5377311344327835,0.23124500758848868
1075,0.537231384307846,0.23114055768313962
1074,0.5367316341829085,0.23103616697781273
1073,0.536231884057971,0.2309318352601904
1072,0.5357321339330334,0.23082756231842594
1071,0.5352323838080959,0.23072334794114055
1070,0.5347326336831584,0.23061919191742075
1069,0.5342328835582209,0.23051509403681558
1068,0.5337331334332833,0.23041105408933377
1067,0.5332333833083458,0.2303070718654411
1066,0.5327336331834083,0.23020314715605764
1065,0.5322338830584707,0.23009927975255506
1064,0.5317341329335332,0.22999546944675392
1063,0.5312343828085957,0.22989171603092098
1062,0.5307346326836582,0.22978801929776652
1061,0.5302348825587206,0.22968437904044173
1060,0.5297351324337831,0.22958079505253592
1059,0.5292353823088456,0.22947726712807406
1058,0.5287356321839081,0.229373795061514
1057,0.5282358820589705,0.22927037864774388
1056,0.527736131934033,0.2291670176820796
1055,0.5272363818090954,0.22906371196026198
1054,0.5267366316841579,0.22896046127845462
1053,0.5262368815592203,0.22885726543324078
1052,0.5257371314342828,0.22875412422162122
1051,0.5252373813093453,0.22865103744101134
1050,0.5247376311844077,0.2285480048892389
1049,0.5242378810594702,0.22844502636454128
1048,0.5237381309345327,0.22834210166556299
1047,0.5232383808095952,0.2282392305913532
1046,0.5227386306846576,0.22813641294136322
1045,0.5222388805597201,0.22803364851544392
1044,0.5217391304347826,0.22793093711384327
1043,0.5212393803098451,0.22782827853720392
1042,0.5207396301849075,0.2277256725865606
1041,0.52023988005997,0.22762311906333782
1040,0.5197401299350325,0.22752061776934718
1039,0.519240379810095,0.22741816850678517
1038,0.5187406296851574,0.2273157710782306
1037,0.5182408795602199,0.22721342528664204
1036,0.5177411294352824,0.22711113093535573
1035,0.5172413793103448,0.22700888782808282
1034,0.5167416291854072,0.2269066957689072
1033,0.5162418790604697,0.22680455456228302
1032,0.5157421289355322,0.2267024640130322
1031,0.5152423788105946,0.22660042392634228
1030,0.5147426286856571,0.2264984341077638
1029,0.5142428785607196,0.2263964943632081
1028,0.5137431284357821,0.22629460449894495
1027,0.5132433783108445,0.22619276432160007
1026,0.512743628185907,0.22609097363815298
1025,0.5122438780609695,0.2259892322559345
1024,0.511744127936032,0.22588753998262456
1023,0.5112443778110944,0.22578589662624976
1022,0.5107446276861569,0.2256843019951812
1021,0.5102448775612194,0.22558275589813198
1020,0.5097451274362819,0.22548125814415515
1019,0.5092453773113443,0.22537980854264128
1018,0.5087456271864068,0.2252784069033161
1017,0.5082458770614693,0.22517705303623847
1016,0.5077461269365318,0.22507574675179787
1015,0.5072463768115942,0.22497448786071228
1014,0.5067466266866566,0.22487327617402594
1013,0.5062468765617191,0.22477211150310705
1012,0.5057471264367815,0.22467099365964552
1011,0.505247376311844,0.22456992245565077
1010,0.5047476261869065,0.22446889770344955
1009,0.504247876061969,0.2243679192156837
1008,0.5037481259370314,0.22426698680530782
1007,0.5032483758120939,0.2241661002855873
1006,0.5027486256871564,0.22406525947009598
1005,0.5022488755622189,0.22396446417271387
1004,0.5017491254372813,0.22386371420762524
1003,0.5012493753123438,0.22376300938931615
1002,0.5007496251874063,0.22366234953257252
1001,0.5002498750624688,0.2235617344524778
1000,0.49975012493753124,0.22346116396441087
999,0.49925037481259366,0.22336063788404392
998,0.49875062468765613,0.22326015602734034
997,0.4982508745627186,0.2231597182105524
996,0.4977511244377811,0.22305932425021932
995,0.49725137431284355,0.22295897396316505
994,0.496751624187906,0.22285866716649616
993,0.4962518740629685,0.22275840367759975
992,0.495752123938031,0.22265818331414125
991,0.49525237381309345,0.22255800589406247
990,0.4947526236881559,0.2224578712355794
989,0.49425287356321834,0.22235777915718005
988,0.4937531234382808,0.22225772947762262
987,0.4932533733133433,0.2221577220159331
986,0.49275362318840576,0.22205775659140337
985,0.49225387306346824,0.22195783302358912
984,0.4917541229385307,0.22185795113230783
983,0.4912543728135932,0.22175811073763654
982,0.49075462268865566,0.22165831165990996
981,0.49025487256371814,0.2215585537197183
980,0.4897551224387806,0.2214588367379054
979,0.4892553723138431,0.22135916053556648
978,0.4887556221889055,0.22125952493404621
977,0.488255872063968,0.2211599297549367
976,0.48775612193903045,0.22106037482007546
975,0.4872563718140929,0.2209608599515433
974,0.4867566216891554,0.2208613849716624
973,0.4862568715642179,0.22076194970299434
972,0.48575712143928035,0.22066255396833798
971,0.4852573713143428,0.22056319759072743
970,0.4847576211894053,0.22046388039343023
969,0.48425787106446777,0.22036460219994528
968,0.4837581209395302,0.22026536283400067
967,0.48325837081459266,0.22016616211955203
966,0.48275862068965514,0.22006699988078027
965,0.4822588705647176,0.2199678759420897
964,0.4817591204397801,0.21986879012810603
963,0.48125937031484256,0.21976974226367454
962,0.48075962018990503,0.2196707321738579
961,0.4802598700649675,0.2195717596839344
960,0.47976011994003,0.21947282461939577
959,0.47926036981509246,0.21937392680594547
958,0.4787606196901549,0.21927506606949665
957,0.47826086956521735,0.21917624223617013
956,0.4777611194402798,0.21907745513229251
955,0.4772613693153423,0.21897870458439428
954,0.4767616191904048,0.21887999041920783
953,0.47626186906546725,0.21878131246366547
952,0.4757621189405297,0.21868267054489765
951,0.4752623688155922,0.2185840644902309
950,0.47476261869065467,0.21848549412718596
949,0.47426286856571714,0.21838695928347582
948,0.47376311844077956,0.2182884597870039
947,0.47326336831584204,0.2181899954658621
946,0.4727636181909045,0.21809156614832875
945,0.472263868065967,0.21799317166286697
944,0.47176411794102946,0.21789481183812248
943,0.47126436781609193,0.217796486502922
942,0.4707646176911544,0.217698195486271
941,0.4702648675662169,0.2175999386173522
940,0.46976511744127936,0.21750171572552332
939,0.46926536731634183,0.21740352664031545
938,0.4687656171914043,0.217305371191431
937,0.4682658670664667,0.21720724920874196
936,0.4677661169415292,0.21710916052228785
935,0.46726636681659167,0.21701110496227394
934,0.46676661669165415,0.21691308235906945
933,0.4662668665667166,0.2168150925432055
932,0.4657671164417791,0.21671713534537335
931,0.46526736631684157,0.21661921059642258
930,0.46476761619190404,0.21652131812735903
929,0.4642678660669665,0.21642345776934313
928,0.463768115942029,0.21632562935368801
927,0.4632683658170914,0.21622783271185753
926,0.4627686156921539,0.21613006767546447
925,0.46226886556721636,0.2160323340762688
924,0.46176911544227883,0.21593463174617555
923,0.4612693653173413,0.2158369605172333
922,0.4607696151924038,0.21573932022163206
921,0.46026986506746626,0.2156417106917015
920,0.45977011494252873,0.21554413175990914
919,0.4592703648175912,0.21544658325885852
918,0.4587706146926537,0.21534906502128728
917,0.4582708645677161,0.21525157688006533
916,0.45777111444277857,0.2151541186681931
915,0.45727136431784104,0.21505669021879956
914,0.4567716141929035,0.21495929136514055
913,0.456271864067966,0.21486192194059672
912,0.45577211394302847,0.214764581778672
911,0.45527236381809094,0.21466727071299138
910,0.4547726136931534,0.21456998857729948
909,0.4542728635682159,0.2144727352054584
908,0.45377311344327836,0.21437551043144604
907,0.4532733633183408,0.21427831408935427
906,0.45277361319340326,0.2141811460133871
905,0.45227386306846573,0.21408400603785877
904,0.4517741129435282,0.21398689399719195
903,0.4512743628185907,0.2138898097259161
902,0.45077461269365315,0.21379275305866527
901,0.45027486256871563,0.21369572383017665
900,0.4497751124437781,0.2135987218752886
899,0.4492753623188406,0.2135017470289387
898,0.44877561219390305,0.21340479912616211
897,0.4482758620689655,0.2133078780020897
896,0.44777611194402794,0.21321098349194614
895,0.4472763618190904,0.21311411543104825
894,0.4467766116941529,0.21301727365480297
893,0.44627686156921537,0.2129204579987057
892,0.44577711144427784,0.21282366829833846
891,0.4452773613193403,0.21272690438936792
890,0.4447776111944028,0.21263016610754382
889,0.44427786106946526,0.21253345328869694
888,0.44377811094452774,0.21243676576873738
887,0.4432783608195902,0.21234010338365275
886,0.44277861069465263,0.2122434659695063
885,0.4422788605697151,0.2121468533624351
884,0.4417791104447776,0.21205026539864827
883,0.44127936031984005,0.21195370191442514
882,0.4407796101949025,0.2118571627461134
881,0.440279860069965,0.21176064773012732
880,0.4397801099450275,0.21166415670294583
879,0.43928035982008995,0.21156768950111088
878,0.4387806096951524,0.2114712459612254
877,0.4382808595702149,0.2113748259199517
876,0.4377811094452773,0.2112784292140094
875,0.4372813593203398,0.21118205568017392
874,0.43678160919540227,0.2110857051552743
873,0.43628185907046474,0.21098937747619162
872,0.4357821089455272,0.21089307247985706
871,0.4352823588205897,0.21079679000325016
870,0.43478260869565216,0.21070052988339696
869,0.43428285857071464,0.21060429195736804
868,0.4337831084457771,0.21050807606227695
867,0.4332833583208396,0.21041188203527808
866,0.432783608195902,0.21031570971356509
865,0.4322838580709645,0.2102195589343689
864,0.43178410794602695,0.21012342953495594
863,0.4312843578210894,0.21002732135262628
862,0.4307846076961519,0.2099312342247118
861,0.4302848575712144,0.20983516798857435
860,0.42978510744627685,0.20973912248160392
859,0.4292853573213393,0.20964309754121677
858,0.4287856071964018,0.2095470930048536
857,0.42828585707146427,0.2094511087099777
856,0.4277861069465267,0.20935514449407316
855,0.42728635682158916,0.20925920019464292
854,0.42678660669665164,0.20916327564920695
853,0.4262868565717141,0.2090673706953004
852,0.4257871064467766,0.20897148517047187
851,0.42528735632183906,0.20887561891228132
850,0.42478760619690153,0.20877977175829837
849,0.424287856071964,0.2086839435461004
848,0.4237881059470265,0.2085881341132707
847,0.42328835582208896,0.20849234329739658
846,0.42278860569715143,0.20839657093606745
845,0.42228885557221385,0.20830081686687313
844,0.4217891054472763,0.20820508092740178
843,0.4212893553223388,0.20810936295523808
842,0.4207896051974013,0.20801366278796143
841,0.42028985507246375,0.207917980263144
840,0.4197901049475262,0.20782231521834887
839,0.4192903548225887,0.20772666749112803
838,0.41879060469765117,0.20763103691902077
837,0.41829085457271364,0.20753542333955147
836,0.4177911044477761,0.20743982659022792
835,0.41729135432283854,0.20734424650853928
834,0.416791604197901,0.20724868293195436
833,0.4162918540729635,0.20715313569791954
832,0.41579210394802596,0.2070576046438569
831,0.41529235382308843,0.2069620896071624
830,0.4147926036981509,0.2068665904252039
829,0.4142928535732134,0.2067711069353192
828,0.41379310344827586,0.20667563897481422
827,0.41329335332333833,0.206580186380961
826,0.4127936031984008,0.20648474899099586
825,0.4122938530734632,0.2063893266421173
824,0.4117941029485257,0.20629391917148424
823,0.41129435282358817,0.20619852641621403
822,0.41079460269865065,0.20610314821338047
821,0.4102948525737131,0.2060077844000119
820,0.4097951024487756,0.20591243481308927
819,0.40929535232383807,0.20581709928954406
818,0.40879560219890054,0.20572177766625654
817,0.408295852073963,0.2056264697800536
816,0.4077961019490255,0.20553117546770694
815,0.4072963518240879,0.20543589456593098
814,0.4067966016991504,0.20534062691138094
813,0.40629685157421286,0.2052453723406509
812,0.40579710144927533,0.20515013069027174
811,0.4052973513243378,0.20505490179670924
810,0.4047976011994003,0.20495968549636195
809,0.40429785107446276,0.20486448162555934
808,0.40379810094952523,0.20476929002055974
807,0.4032983508245877,0.20467411051754833
806,0.4027986006996502,0.2045789429526351
805,0.40229885057471265,0.2044837871618529
804,0.40179910044977507,0.2043886429811553
803,0.40129935032483754,0.20429351024641484
802,0.4007996001999,0.20419838879342062
801,0.4002998500749625,0.20410327845787646
800,0.39980009995002497,0.204008179075399
799,0.39930034982508744,0.20391309048151532
798,0.3988005997001499,0.20381801251166118
797,0.3983008495752124,0.20372294500117882
796,0.39780109945027486,0.20362788778531493
795,0.39730134932533734,0.20353284069921854
794,0.39680159920039976,0.203437803577939
793,0.39630184907546223,0.20334277625642394
792,0.3958020989505247,0.20324775856951707
791,0.3953023488255872,0.2031527503519561
790,0.39480259870064965,0.20305775143837076
789,0.39430284857571213,0.2029627616632806
788,0.3938030984507746,0.20286778086109283
787,0.3933033483258371,0.20277280886610033
786,0.39280359820089955,0.2026778455124795
785,0.392303848075962,0.202582890634288
784,0.39180409795102444,0.20248794406546278
783,0.3913043478260869,0.2023930056398178
782,0.3908045977011494,0.20229807519104204
781,0.39030484757621187,0.20220315255269716
780,0.38980509745127434,0.20210823755821544
779,0.3893053473263368,0.20201333004089764
778,0.3888055972013993,0.20191842983391073
777,0.38830584707646176,0.20182353677028578
776,0.38780609695152424,0.2017286506829157
775,0.3873063468265867,0.20163377140455313
774,0.38680659670164913,0.20153889876780817
773,0.3863068465767116,0.20144403260514615
772,0.3858070964517741,0.20134917274888547
771,0.38530734632683655,0.20125431903119534
770,0.384807596201899,0.20115947128409356
769,0.3843078460769615,0.2010646293394442
768,0.383808095952024,0.20096979302895543
767,0.38330834582708645,0.20087496218417733
766,0.3828085957021489,0.20078013663649938
765,0.3823088455772114,0.20068531621714844
764,0.3818090954522739,0.20059050075718635
763,0.3813093453273363,0.20049569008750756
762,0.38080959520239877,0.200400884038837
761,0.38030984507746124,0.20030608244172768
760,0.3798100949525237,0.20021128512655836
759,0.3793103448275862,0.20011649192353123
758,0.37881059470264866,0.20002170266266955
757,0.37831084457771114,0.19992691717381544
756,0.3778110944527736,0.19983213528662735
755,0.3773113443278361,0.19973735683057778
754,0.37681159420289856,0.1996425816349509
753,0.376311844077961,0.19954780952884021
752,0.37581209395302345,0.19945304034114605
751,0.3753123438280859,0.1993582739005733
750,0.3748125937031484,0.19926351003562892
749,0.3743128435782109,0.19916874857461955
748,0.37381309345327335,0.19907398934564904
747,0.3733133433283358,0.19897923217661606
746,0.3728135932033983,0.19888447689521163
745,0.37231384307846077,0.19878972332891673
744,0.37181409295352325,0.1986949713049996
743,0.37131434282858566,0.19860022065051364
742,0.37081459270364814,0.19850547119229453
741,0.3703148425787106,0.19841072275695804
740,0.3698150924537731,0.19831597517089725
739,0.36931534232883556,0.19822122826028024
738,0.36881559220389803,0.1981264818510475
737,0.3683158420789605,0.19803173576890934
736,0.367816091954023,0.19793698983934335
735,0.36731634182908546,0.1978422438875919
734,0.36681659170414793,0.19774749773865938
733,0.36631684157921035,0.19765275121730988
732,0.3658170914542728,0.1975580041480644
731,0.3653173413293353,0.1974632563551983
730,0.3648175912043978,0.19736850766273864
729,0.36431784107946025,0.19727375789446158
728,0.3638180909545227,0.19717900687388976
727,0.3633183408295852,0.19708425442428953
726,0.36281859070464767,0.1969895003686684
725,0.36231884057971014,0.19689474452977235
724,0.3618190904547726,0.196799986730083
723,0.3613193403298351,0.19670522679181504
722,0.3608195902048975,0.19661046453691344
721,0.36031984007996,0.1965156997870508
720,0.35982008995502246,0.19642093236362446
719,0.35932033983008493,0.19632616208775383
718,0.3588205897051474,0.19623138878027768
717,0.3583208395802099,0.19613661226175116
716,0.35782108945527236,0.19604183235244318
715,0.35732133933033483,0.19594704887233355
714,0.3568215892053973,0.19585226164111005
713,0.3563218390804598,0.19575747047816575
712,0.3558220889555222,0.19566267520259603
711,0.35532233883058467,0.19556787563319578
710,0.35482258870564715,0.19547307158845645
709,0.3543228385807096,0.1953782628865632
708,0.3538230884557721,0.19528344934539202
707,0.35332333833083457,0.19518863078250667
706,0.35282358820589704,0.19509380701515588
705,0.3523238380809595,0.19499897786027032
704,0.351824087956022,0.1949041431344596
703,0.35132433783108447,0.1948093026540094
702,0.3508245877061469,0.1947144562348783
701,0.35032483758120936,0.19461960369269485
700,0.34982508745627183,0.19452474484275462
699,0.3493253373313343,0.19442987950001692
698,0.3488255872063968,0.19433500747910196
697,0.34832583708145926,0.19424012859428766
696,0.34782608695652173,0.19414524265950647
695,0.3473263368315842,0.1940503494883425
694,0.3468265867066467,0.19395544889402805
693,0.34632683658170915,0.1938605406894408
692,0.34582708645677157,0.19376562468710035
691,0.34532733633183404,0.19367070069916528
690,0.3448275862068965,0.1935757685374297
689,0.344327836081959,0.19348082801332023
688,0.34382808595702147,0.19338587893789272
687,0.34332833583208394,0.1932909211218289
686,0.3428285857071464,0.19319595437543322
685,0.3423288355822089,0.19310097850862942
684,0.34182908545727136,0.19300599333095747
683,0.34132933533233384,0.19291099865156988
682,0.3408295852073963,0.1928159942792287
681,0.34032983508245873,0.19272098002230187
680,0.3398300849575212,0.19262595568876012
679,0.3393303348325837,0.19253092108617328
678,0.33883058470764615,0.19243587602170706
677,0.33833083458270863,0.19234082030211946
676,0.3378310844577711,0.19224575373375744
675,0.3373313343328336,0.19215067612255327
674,0.33683158420789605,0.19205558727402125
673,0.3363318340829585,0.191960486993254
672,0.335832083958021,0.19186537508491888
671,0.3353323338330834,0.19177025135325465
670,0.3348325837081459,0.1916751156020677
669,0.33433283358320837,0.19157996763472848
668,0.33383308345827084,0.19148480725416778
667,0.3333333333333333,0.19138963426287334
666,0.3328335832083958,0.19129444846288587
665,0.33233383308345826,0.19119924965579554
664,0.33183408295852074,0.19110403764273823
663,0.3313343328335832,0.1910088122243917
662,0.3308345827086457,0.190913573200972
661,0.3303348325837081,0.1908183203722294
660,0.3298350824587706,0.19072305353744493
659,0.32933533233383305,0.1906277724954263
658,0.3288355822088955,0.19053247704450413
657,0.328335832083958,0.19043716698252797
656,0.3278360819590205,0.19034184210686259
655,0.32733633183408295,0.19024650221438386
654,0.3268365817091454,0.1901511471014749
653,0.3263368315842079,0.19005577656402206
652,0.3258370814592704,0.18996039039741092
651,0.3253373313343328,0.18986498839652227
650,0.32483758120939527,0.18976957035572808
649,0.32433783108445774,0.18967413606888733
648,0.3238380809595202,0.18957868532934205
647,0.3233383308345827,0.189483217929913
646,0.32283858070964516,0.18938773366289566
645,0.32233883058470764,0.18929223232005601
644,0.3218390804597701,0.18919671369262628
643,0.3213393303348326,0.1891011775713007
642,0.32083958020989506,0.18900562374623134
641,0.3203398300849575,0.1889100520070236
640,0.31984007996001995,0.18881446214273218
639,0.3193403298350824,0.1887188539418564
638,0.3188405797101449,0.18862322719233615
637,0.3183408295852074,0.1885275816815472
636,0.31784107946026985,0.1884319171962969
635,0.3173413293353323,0.1883362335228197
634,0.3168415792103948,0.1882405304467726
633,0.31634182908545727,0.18814480775323073
632,0.31584207896051975,0.18804906522668263
631,0.3153423288355822,0.18795330265102583
630,0.31484257871064464,0.18785751980956206
629,0.3143428285857071,0.18776171648499274
628,0.3138430784607696,0.18766589245941426
627,0.31334332833583206,0.18757004751431317
626,0.31284357821089454,0.18747418143056158
625,0.312343828085957,0.18737829398841227
624,0.3118440779610195,0.1872823849674939
623,0.31134432783608196,0.18718645414680618
622,0.31084457771114443,0.18709050130471505
621,0.3103448275862069,0.1869945262189476
620,0.3098450774612693,0.18689852866658732
619,0.3093453273363318,0.18680250842406892
618,0.3088455772113943,0.18670646526717352
617,0.30834582708645675,0.1866103989710234
616,0.3078460769615192,0.18651430931007712
615,0.3073463268365817,0.18641819605812412
614,0.30684657671164417,0.1863220589882799
613,0.30634682658670664,0.18622589787298044
612,0.3058470764617691,0.1861297124839774
611,0.3053473263368316,0.18603350259233245
610,0.304847576211894,0.18593726796841217
609,0.3043478260869565,0.18584100838188272
608,0.30384807596201896,0.18574472360170435
607,0.30334832583708143,0.18564841339612603
606,0.3028485757121439,0.18555207753268002
605,0.3023488255872064,0.18545571577817627
604,0.30184907546226886,0.185359327898697
603,0.30134932533733133,0.185262913659591
602,0.3008495752123938,0.18516647282546814
601,0.3003498250874563,0.18507000516019353
600,0.2998500749625187,0.18497351042688198
599,0.29935032483758117,0.1848769883878922
598,0.29885057471264365,0.18478043880482095
597,0.2983508245877061,0.18468386143849722
596,0.2978510744627686,0.18458725604897644
595,0.29735132433783107,0.18449062239553446
594,0.29685157421289354,0.18439396023666166
593,0.296351824087956,0.1842972693300569
592,0.2958520739630185,0.18420054943262146
591,0.29535232383808097,0.18410380030045292
590,0.29485257371314344,0.18400702168883912
589,0.29435282358820586,0.18391021335225183
588,0.29385307346326833,0.1838133750443406
587,0.2933533233383308,0.1837165065179264
586,0.2928535732133933,0.18361960752499543
585,0.29235382308845576,0.18352267781669254
584,0.29185407296351823,0.18342571714331493
583,0.2913543228385807,0.18332872525430566
582,0.2908545727136432,0.18323170189824703
581,0.29035482258870565,0.1831346468228541
580,0.2898550724637681,0.18303755977496802
579,0.28935532233883055,0.18294044050054936
578,0.288855572213893,0.18284328874467126
577,0.2883558220889555,0.18274610425151286
576,0.28785607196401797,0.1826488867643523
575,0.28735632183908044,0.18255163602555977
574,0.2868565717141429,0.18245435177659075
573,0.2863568215892054,0.1823570337579789
572,0.28585707146426786,0.18225968170932894
571,0.28535732133933034,0.1821622953693097
570,0.2848575712143928,0.18206487447564673
569,0.28435782108945523,0.18196741876511524
568,0.2838580709645177,0.1818699279735328
567,0.2833583208395802,0.1817724018357519
566,0.28285857071464265,0.18167484008565266
565,0.28235882058970513,0.18157724245613527
564,0.2818590704647676,0.18147960867911248
563,0.2813593203398301,0.18138193848550208
562,0.28085957021489255,0.18128423160521923
561,0.280359820089955,0.18118648776716872
560,0.2798600699650175,0.18108870669923718
559,0.2793603198400799,0.18099088812828534
558,0.2788605697151424,0.1808930317801401
557,0.27836081959020487,0.18079513737958644
556,0.27786106946526734,0.18069720465035957
555,0.2773613193403298,0.18059923331513678
554,0.2768615692153923,0.1805012230955292
553,0.27636181909045476,0.18040317371207368
552,0.27586206896551724,0.18030508488422445
551,0.2753623188405797,0.18020695633034473
550,0.2748625687156422,0.18010878776769831
549,0.27436281859070466,0.1800105789124411
548,0.2738630684657671,0.17991232947961242
547,0.27336331834082955,0.17981403918312655
546,0.272863568215892,0.17971570773576384
545,0.2723638180909545,0.17961733484916192
544,0.271864067966017,0.17951892023380697
543,0.27136431784107945,0.17942046359902464
542,0.2708645677161419,0.17932196465297112
541,0.2703648175912044,0.1792234231026239
540,0.2698650674662669,0.17912483865377285
539,0.26936531734132935,0.17902621101101066
538,0.26886556721639177,0.17892753987772378
537,0.26836581709145424,0.17882882495608282
536,0.2678660669665167,0.17873006594703314
535,0.2673663168415792,0.1786312625502853
534,0.26686656671664166,0.1785324144643053
533,0.26636681659170414,0.17843352138630492
532,0.2658670664667666,0.17833458301223187
531,0.2653673163418291,0.17823559903675995
530,0.26486756621689156,0.17813656915327886
529,0.26436781609195403,0.1780374930538843
528,0.26386806596701645,0.17793837042936778
527,0.2633683158420789,0.17783920096920616
526,0.2628685657171414,0.1777399843615516
525,0.2623688155922039,0.1776407202932209
524,0.26186906546726635,0.17754140844968494
523,0.2613693153423288,0.1774420485150582
522,0.2608695652173913,0.17734264017208795
521,0.26036981509245377,0.17724318310214338
520,0.25987006496751625,0.17714367698520478
519,0.2593703148425787,0.1770441214998525
518,0.25887056471764114,0.1769445163232557
517,0.2583708145927036,0.17684486113116132
516,0.2578710644677661,0.17674515559788273
515,0.25737131434282856,0.17664539939628818
514,0.25687156421789104,0.17654559219778934
513,0.2563718140929535,0.17644573367232977
512,0.255872063968016,0.17634582348837305
511,0.25537231384307846,0.17624586131289105
510,0.25487256371814093,0.17614584681135184
509,0.2543728135932034,0.17604577964770776
508,0.2538730634682659,0.17594565948438326
507,0.2533733133433283,0.17584548598226243
506,0.2528735632183908,0.17574525880067687
505,0.25237381309345325,0.175644977597393
504,0.2518740629685157,0.17554464202859943
503,0.2513743128435782,0.17544425174889428
502,0.25087456271864067,0.17534380641127237
501,0.25037481259370314,0.17524330566711208
500,0.2498750624687656,0.17514274916616238
499,0.24937531234382806,0.17504213655652956
498,0.24887556221889054,0.17494146748466383
497,0.248375812093953,0.1748407415953459
496,0.2478760619690155,0.1747399585316734
495,0.24737631184407793,0.17463911793504705
494,0.2468765617191404,0.17453821944515688
493,0.24637681159420288,0.17443726269996818
492,0.24587706146926536,0.17433624733570738
491,0.24537731134432783,0.17423517298684782
490,0.2448775612193903,0.17413403928609533
489,0.24437781109445275,0.17403284586437365
488,0.24387806096951523,0.1739315923508098
487,0.2433783108445777,0.1738302783727192
486,0.24287856071964017,0.17372890355559079
485,0.24237881059470265,0.17362746752307187
484,0.2418790604697651,0.1735259698969528
483,0.24137931034482757,0.17342441029715167
482,0.24087956021989004,0.17332278834169865
481,0.24037981009495252,0.17322110364672041
480,0.239880059970015,0.17311935582642418
479,0.23938030984507744,0.17301754449308165
478,0.2388805597201399,0.17291566925701302
477,0.2383808095952024,0.1728137297265703
476,0.23788105947026486,0.17271172550812128
475,0.23738130934532733,0.17260965620603244
474,0.23688155922038978,0.17250752142265238
473,0.23638180909545226,0.17240532075829468
472,0.23588205897051473,0.17230305381122085
471,0.2353823088455772,0.1722007201776229
470,0.23488255872063968,0.1720983194516059
469,0.23438280859570212,0.1719958512251702
468,0.2338830584707646,0.17189331508819364
467,0.23338330834582707,0.1717907106284135
466,0.23288355822088955,0.1716880374314082
465,0.23238380809595202,0.171585295080579
464,0.23188405797101447,0.17148248315713116
463,0.23138430784607694,0.17137960124005555
462,0.23088455772113942,0.17127664890610922
461,0.2303848075962019,0.17117362572979652
460,0.22988505747126436,0.1710705312833496
459,0.2293853073463268,0.17096736513670882
458,0.22888555722138929,0.17086412685750307
457,0.22838580709645176,0.1707608160110297
456,0.22788605697151423,0.17065743216023424
455,0.2273863068465767,0.17055397486569024
454,0.22688655672163915,0.17045044368557843
453,0.22638680659670163,0.170346838175666
452,0.2258870564717641,0.17024315788928557
451,0.22538730634682658,0.17013940237731373
450,0.22488755622188905,0.1700355711881498
449,0.22438780609695153,0.16993166386769398
448,0.22388805597201397,0.16982767995932538
447,0.22338830584707645,0.1697236190038799
446,0.22288855572213892,0.1696194805396277
445,0.2223888055972014,0.16951526410225065
444,0.22188905547226387,0.16941096922481944
443,0.22138930534732632,0.16930659543777032
442,0.2208895552223888,0.1692021422688818
441,0.22038980509745126,0.16909760924325093
440,0.21989005497251374,0.1689929958832695
439,0.2193903048475762,0.16888830170859973
438,0.21889055472263866,0.16878352623614998
437,0.21839080459770113,0.16867866898005002
436,0.2178910544727636,0.16857372945162608
435,0.21739130434782608,0.1684687071593755
434,0.21689155422288856,0.16836360160894143
433,0.216391804097951,0.1682584123030869
432,0.21589205397301348,0.16815313874166882
431,0.21539230384807595,0.1680477804216115
430,0.21489255372313842,0.16794233683688017
429,0.2143928035982009,0.16783680747845398
428,0.21389305347326334,0.16773119183429863
427,0.21339330334832582,0.16762548938933902
426,0.2128935532233883,0.16751969962543123
425,0.21239380309845077,0.16741382202133448
424,0.21189405297351324,0.16730785605268253
423,0.2113943028485757,0.167201801191955
422,0.21089455272363816,0.1670956569084481
421,0.21039480259870064,0.16698942266824532
420,0.2098950524737631,0.1668830979341875
419,0.20939530234882558,0.16677668216584285
418,0.20889555222388803,0.1666701748194763
417,0.2083958020989505,0.16656357534801883
416,0.20789605197401298,0.16645688320103624
415,0.20739630184907545,0.1663500978246976
414,0.20689655172413793,0.16624321866174332
413,0.20639680159920037,0.16613624515145303
412,0.20589705147426285,0.16602917672961287
411,0.20539730134932532,0.16592201282848232
410,0.2048975512243878,0.16581475287676106
409,0.20439780109945027,0.165707396299555
408,0.20389805097451272,0.1655999425183422
407,0.2033983008495752,0.16549239095093826
406,0.20289855072463767,0.1653847410114613
405,0.20239880059970014,0.16527699211029656
404,0.20189905047476261,0.16516914365406066
403,0.2013993003498251,0.1650611950455652
402,0.20089955022488754,0.16495314568378033
401,0.20039980009995,0.1648449949637974
400,0.19990004997501248,0.16473674227679153
399,0.19940029985007496,0.1646283870099836
398,0.19890054972513743,0.16451992854660183
397,0.19840079960019988,0.16441136626584274
396,0.19790104947526235,0.16430269954283191
395,0.19740129935032483,0.164193927748584
394,0.1969015492253873,0.1640850502499625
393,0.19640179910044978,0.1639760664096388
392,0.19590204897551222,0.16386697558605098
391,0.1954022988505747,0.16375777713336181
390,0.19490254872563717,0.1636484704014166
389,0.19440279860069964,0.16353905473570018
388,0.19390304847576212,0.16342952947729344
387,0.19340329835082457,0.1633198939628297
386,0.19290354822588704,0.1632101475244499
385,0.1924037981009495,0.16310028948975774
384,0.191904047976012,0.16299031918177412
383,0.19140429785107446,0.16288023591889084
382,0.1909045477261369,0.16277003901482404
381,0.19040479760119938,0.16265972777856674
380,0.18990504747626186,0.16254930151434102
379,0.18940529735132433,0.16243875952154943
378,0.1889055472263868,0.1623281010947259
377,0.18840579710144925,0.16221732552348597
376,0.18790604697651173,0.16210643209247647
375,0.1874062968515742,0.16199542008132434
374,0.18690654672663667,0.1618842887645851
373,0.18640679660169915,0.1617730374116904
372,0.1859070464767616,0.16166166528689513
371,0.18540729635182407,0.16155017164922353
370,0.18490754622688654,0.161438555752415
369,0.18440779610194902,0.16132681684486885
368,0.1839080459770115,0.16121495416958853
367,0.18340829585207394,0.16110296696412515
366,0.1829085457271364,0.16099085446052014
365,0.1824087956021989,0.1608786158852472
364,0.18190904547726136,0.16076625045915355
363,0.18140929535232383,0.16065375739740032
362,0.1809095452273863,0.16054113590940228
361,0.18040979510244876,0.16042838519876657
360,0.17991004497751123,0.16031550446323078
359,0.1794102948525737,0.16020249289460026
358,0.17891054472763618,0.16008934967868427
357,0.17841079460269865,0.15997607399523162
356,0.1779110444777611,0.15986266501786542
355,0.17741129435282357,0.15974912191401663
354,0.17691154422788605,0.15963544384485712
353,0.17641179410294852,0.1595216299652314
352,0.175912043978011,0.15940767942358797
351,0.17541229385307344,0.15929359136190918
350,0.17491254372813592,0.15917936491564044
349,0.1744127936031984,0.15906499921361833
348,0.17391304347826086,0.15895049337799794
347,0.17341329335332334,0.15883584652417881
346,0.17291354322838579,0.15872105776073034
345,0.17241379310344826,0.1586061261893157
344,0.17191404297851073,0.1584910509046149
343,0.1714142928535732,0.158375830994247
342,0.17091454272863568,0.1582604655386907
341,0.17041479260369813,0.15814495361120426
340,0.1699150424787606,0.15802929427774426
339,0.16941529235382308,0.1579134865968828
338,0.16891554222888555,0.15779752961972426
337,0.16841579210394803,0.15768142238982003
336,0.16791604197901047,0.1575651639430826
335,0.16741629185407295,0.1574487533076984
334,0.16691654172913542,0.15733218950403907
333,0.1664167916041979,0.1572154715445717
332,0.16591704147926037,0.15709859843376767
331,0.16541729135432282,0.15698156916801037
330,0.1649175412293853,0.15686438273550116
329,0.16441779110444776,0.1567470381161645
328,0.16391804097951024,0.15662953428155116
327,0.1634182908545727,0.1565118701947405
326,0.16291854072963516,0.15639404481024086
325,0.16241879060469763,0.15627605707388895
324,0.1619190404797601,0.15615790592274728
323,0.16141929035482258,0.15603959028500042
322,0.16091954022988506,0.1559211090798496
321,0.1604197901049475,0.1558024612174056
320,0.15992003998000998,0.15568364559858028
319,0.15942028985507245,0.1555646611149764
318,0.15892053973013492,0.1554455066487756
317,0.1584207896051974,0.1553261810726249
316,0.15792103948025987,0.15520668324952144
315,0.15742128935532232,0.15508701203269543
314,0.1569215392303848,0.1549671662654912
313,0.15642178910544727,0.15484714478124673
312,0.15592203898050974,0.15472694640317097
311,0.15542228885557222,0.15460656994421962
310,0.15492253873063466,0.15448601420696853
309,0.15442278860569714,0.15436527798348582
308,0.1539230384807596,0.15424436005520123
307,0.15342328835582209,0.15412325919277403
306,0.15292353823088456,0.1540019741559585
305,0.152423788105947,0.1538805036934676
304,0.15192403798100948,0.15375884654283412
303,0.15142428785607195,0.15363700143027004
302,0.15092453773113443,0.15351496707052323
301,0.1504247876061969,0.1533927421667323
300,0.14992503748125935,0.15327032541027877
299,0.14942528735632182,0.1531477154806371
298,0.1489255372313843,0.1530249110452222
297,0.14842578710644677,0.15290191075923443
296,0.14792603698150925,0.15277871326550227
295,0.1474262868565717,0.15265531719432232
294,0.14692653673163417,0.1525317211632966
293,0.14642678660669664,0.15240792377716733
292,0.14592703648175911,0.15228392362764895
291,0.1454272863568216,0.15215971929325733
290,0.14492753623188404,0.1520353093391363
289,0.1444277861069465,0.15191069231688104
288,0.14392803598200898,0.15178586676435873
287,0.14342828585707146,0.1516608312055263
286,0.14292853573213393,0.15153558415024468
285,0.14242878560719638,0.15141012409409052
284,0.14192903548225885,0.15128444951816428
283,0.14142928535732133,0.15115855888889512
282,0.1409295352323838,0.15103245065784288
281,0.14042978510744628,0.150906123261496
280,0.13993003498250872,0.15077957512106654
279,0.1394302848575712,0.15065280464228153
278,0.13893053473263367,0.15052581021517047
277,0.13843078460769614,0.15039859021384955
276,0.13793103448275862,0.1502711429963018
275,0.1374312843578211,0.15014346690415342
274,0.13693153423288354,0.15001556026244667
273,0.136431784107946,0.1498874213794079
272,0.1359320339830085,0.14975904854621233
271,0.13543228385807096,0.14963044003674414
270,0.13493253373313344,0.14950159410735261
269,0.13443278360819588,0.14937250899660356
268,0.13393303348325836,0.1492431829250268
267,0.13343328335832083,0.14911361409485854
266,0.1329335332333833,0.1489838006897796
265,0.13243378310844578,0.14885374087464856
264,0.13193403298350823,0.14872343279523026
263,0.1314342828585707,0.1485928745779192
262,0.13093453273363317,0.1484620643294579
261,0.13043478260869565,0.14833100013665038
260,0.12993503248375812,0.1481996800660696
259,0.12943528235882057,0.1480681021637605
258,0.12893553223388304,0.14793626445493666
257,0.12843578210894552,0.14780416494367166
256,0.127936031984008,0.1476718016125847
255,0.12743628185907047,0.14753917242252013
254,0.1269365317341329,0.1474062753122211
253,0.1264367816091954,0.14727310819799683
252,0.12593703148425786,0.14713966897338368
251,0.12543728135932034,0.1470059555087997
250,0.1249375312343828,0.14687196565119248
249,0.12443778110944527,0.14673769722368038
248,0.12393803098450773,0.1466031480251867
247,0.1234382808595702,0.14646831583006664
246,0.12293853073463268,0.14633319838772713
245,0.12243878060969514,0.1461977934222392
244,0.12193903048475761,0.1460620986319428
243,0.12143928035982009,0.14592611168904346
242,0.12093953023488255,0.1457898302392013
241,0.12043978010994502,0.14565325190111192
240,0.11994002998500748,0.14551637426607844
239,0.11944027986006996,0.14537919489757545
238,0.11894052973513243,0.14524171133080377
237,0.11844077961019489,0.14510392107223663
236,0.11794102948525736,0.14496582159915605
235,0.11744127936031983,0.14482741035918023
234,0.1169415292353823,0.14468868476978108
233,0.11644177911044477,0.1445496422177917
232,0.11594202898550723,0.14441028005890377
231,0.11544227886056971,0.1442705956171546
230,0.11494252873563217,0.1441305861844032
229,0.11444277861069464,0.1439902490197955
228,0.11394302848575712,0.1438495813492186
227,0.11344327836081958,0.14370858036474277
226,0.11294352823588205,0.1435672432240524
225,0.11244377811094453,0.14342556704986426
224,0.11194402798600699,0.14328354892933332
223,0.11144427786106946,0.1431411859134463
222,0.11094452773613192,0.14299847501640123
221,0.1104447776111944,0.14285541321497439
220,0.10994502748625687,0.14271199744787283
219,0.10944527736131933,0.14256822461507304
218,0.1089455272363818,0.1424240915771448
217,0.10844577711144426,0.14227959515456032
216,0.10794602698650674,0.14213473212698774
215,0.10744627686156921,0.14198949923256915
214,0.10694652673663167,0.14184389316718204
213,0.10644677661169415,0.14169791058368458
212,0.10594702648675661,0.14155154809114331
211,0.10544727636181908,0.14140480225404353
210,0.10494752623688156,0.14125766959148167
209,0.10444777611194402,0.14111014657633877
208,0.10394802598700649,0.14096222963443533
207,0.10344827586206895,0.14081391514366629
206,0.10294852573713142,0.14066519943311573
205,0.1024487756121939,0.14051607878215108
204,0.10194902548725636,0.1403665494194959
203,0.10144927536231883,0.14021660752228066
202,0.10094952523738131,0.14006624921507108
201,0.10044977511244377,0.13991547056887305
200,0.09995002498750624,0.13976426760011387
199,0.0994502748625687,0.1396126362695988
198,0.09895052473763118,0.13946057248144222
197,0.09845077461269365,0.13930807208197288
196,0.09795102448775611,0.1391551308586122
195,0.09745127436281859,0.13900174453872494
194,0.09695152423788105,0.1388479087884416
193,0.09645177411294352,0.1386936192114512
192,0.095952023988006,0.13853887134776405
191,0.09545227386306845,0.13838366067244334
190,0.09495252373813093,0.13822798259430488
189,0.09445277361319339,0.13807183245458327
188,0.09395302348825586,0.1379152055255646
187,0.09345327336331834,0.13775809700918354
186,0.0929535232383808,0.13760050203558447
185,0.09245377311344327,0.1374424156616452
184,0.09195402298850573,0.13728383286946194
183,0.0914542728635682,0.13712474856479492
182,0.09095452273863068,0.13696515757547248
181,0.09045477261369314,0.13680505464975315
180,0.08995502248875561,0.13664443445464386
179,0.08945527236381809,0.13648329157417313
178,0.08895552223888055,0.13632162050761748
177,0.08845577211394302,0.13615941566767978
176,0.08795602198900548,0.13599667137861796
175,0.08745627186406796,0.1358333818743222
174,0.08695652173913043,0.1356695412963391
173,0.08645677161419289,0.135505143691841
172,0.08595702148925537,0.1353401830115384
171,0.08545727136431783,0.13517465310753413
170,0.0849575212393803,0.13500854773111623
169,0.08445777111444278,0.13484186053048877
168,0.08395802098950524,0.13467458504843732
167,0.08345827086456771,0.1345067147199273
166,0.08295852073963017,0.13433824286963314
165,0.08245877061469264,0.13416916270939483
164,0.08195902048975512,0.1339994673356009
163,0.08145927036481758,0.13382914972649315
162,0.08095952023988005,0.13365820273939244
161,0.08045977011494251,0.1334866191078409
160,0.07996001999000499,0.13331439143865903
159,0.07946026986506746,0.13314151220891304
158,0.07896051974012992,0.1329679737627908
157,0.0784607696151924,0.13279376830838152
156,0.07796101949025487,0.1326188879143566
155,0.07746126936531733,0.13244332450654744
154,0.0769615192403798,0.1322670698644166
153,0.07646176911544227,0.1320901156174178
152,0.07596201899050474,0.13191245324124123
151,0.07546226886556721,0.13173407405393925
150,0.07496251874062967,0.13155496921192783
149,0.07446276861569215,0.13137512970585913
148,0.07396301849075461,0.1311945463563602
147,0.07346326836581708,0.13101320980963208
146,0.07296351824087956,0.1308311105329043
145,0.07246376811594202,0.1306482388097387
144,0.07196401799100449,0.13046458473517633
143,0.07146426786606695,0.13028013821072154
142,0.07096451774112943,0.13009488893915616
141,0.0704647676161919,0.1299088264191769
140,0.06996501749125436,0.12972193993984887
139,0.06946526736631684,0.12953421857486705
138,0.06896551724137931,0.12934565117661825
137,0.06846576711644177,0.1291562263700345
136,0.06796601699150424,0.12896593254622946
135,0.0674662668665667,0.12877475785590803
134,0.06696651674162918,0.12858269020254004
133,0.06646676661669165,0.12838971723528686
132,0.06596701649175411,0.1281958263416706
131,0.06546726636681659,0.12800100463997466
130,0.06496751624187905,0.12780523897136295
129,0.06446776611694152,0.1276085158917058
128,0.063968015992004,0.12741082166309886
127,0.06346826586706646,0.12721214224506114
126,0.06296851574212893,0.12701246328539723
125,0.062468765617191405,0.12681177011070843
124,0.06196901549225387,0.12661004771653583
123,0.06146926536731634,0.12640728075711866
122,0.06096951524237881,0.1262034535347487
121,0.06046976511744128,0.1259985499887026
120,0.05997001499250375,0.12579255368373016
119,0.059470264867566215,0.1255854477980784
118,0.05897051474262868,0.12537721511102756
117,0.05847076461769116,0.1251678379899153
116,0.057971014492753624,0.12495729837662317
115,0.05747126436781609,0.12474557777349873
114,0.05697151424287856,0.12453265722868384
113,0.05647176411794103,0.12431851732081933
112,0.0559720139930035,0.12410313814309325
111,0.05547226386806597,0.12388649928659849
110,0.054972513743128434,0.12366857982296371
109,0.0544727636181909,0.12344935828621799
108,0.053973013493253376,0.12322881265384919
107,0.05347326336831584,0.1230069203270111
106,0.05297351324337831,0.1227836581098338
105,0.05247376311844078,0.1225590021877869
104,0.051974012993503245,0.12233292810504319
103,0.05147426286856572,0.12210541074078633
102,0.050974512743628186,0.12187642428440239
101,0.050474762618690654,0.12164594220949118
100,0.04997501249375312,0.12141393724662883
99,0.049475262368815595,0.12118038135480858
98,0.04897551224387806,0.12094524569148116
97,0.04847576211894053,0.12070850058111139
96,0.047976011994003,0.12047011548216106
95,0.047476261869065464,0.12023005895240192
94,0.04697651174412794,0.11998829861245591
93,0.046476761619190406,0.1197448011074519
92,0.04597701149425287,0.11949953206668015
91,0.04547726136931534,0.11925245606111666
90,0.044977511244377814,0.11900353655868068
89,0.04447776111944028,0.1187527358770767
88,0.04397801099450275,0.11850001513406251
87,0.043478260869565216,0.11824533419497114
86,0.04297851074462768,0.11798865161730185
85,0.04247876061969016,0.11772992459217968
84,0.041979010494752625,0.11746910888246774
83,0.04147926036981509,0.11720615875729815
82,0.04097951024487756,0.11694102692276813
81,0.04047976011994003,0.116673664448527
80,0.0399800099950025,0.11640402068995587
79,0.03948025987006497,0.11613204320561654
78,0.038980509745127435,0.1158576776696182
77,0.0384807596201899,0.1155808677785186
76,0.03798100949525238,0.1153015551523432
75,0.037481259370314844,0.11501967922926724
74,0.03698150924537731,0.11473517715346437
73,0.03648175912043978,0.11444798365557912
72,0.035982008995502246,0.11415803092522914
71,0.03548225887056472,0.11386524847488654
70,0.03498250874562719,0.11356956299442457
69,0.034482758620689655,0.11327089819554541
68,0.03398300849575212,0.11296917464522636
67,0.033483258370814596,0.112664309587235
66,0.03298350824587706,0.11235621675066541
65,0.03248375812093953,0.11204480614433854
64,0.031984007996002,0.11172998383578688
63,0.031484257871064465,0.11141165171340607
62,0.030984507746126936,0.11108970723020027
61,0.030484757621189407,0.11076404312737373
60,0.029985007496251874,0.11043454713582283
59,0.029485257371314345,0.11010110165335975
58,0.028985507246376812,0.10976358339524428
57,0.028485757121439283,0.10942186301531279
56,0.02798600699650175,0.1090758046946645
55,0.027486256871564217,0.1087252656944904
54,0.026986506746626688,0.10837009586920161
53,0.026486756621689155,0.108010137135522
52,0.025987006496751626,0.10764522289264485
51,0.025487256371814093,0.10727517738790238
50,0.024987506246876564,0.10689981502164396
49,0.02448775612193903,0.10651893958414745
48,0.0239880059970015,0.10613234341637563
47,0.02348825587206397,0.1057398064852088
46,0.022988505747126436,0.1053410953624061
45,0.022488755622188907,0.10493596209493117
44,0.021989005497251374,0.10452414295237436
43,0.021489255372313845,0.10410535703495952
42,0.020989505247376312,0.10367930472296247
41,0.02048975512243878,0.10324566594520507
40,0.01999000499750125,0.10280409824051268
39,0.019490254872563718,0.10235423458149594
38,0.01899050474762619,0.10189568092456813
37,0.018490754622688656,0.10142801344351927
36,0.017991004497751126,0.10095077539595979
35,0.017491254372813594,0.10046347356216871
34,0.016991504247876064,0.09996557418387722
33,0.01649175412293853,0.0994564983157015
32,0.015992003998001,0.09893561648354314
31,0.015492253873063468,0.09840224252129316
30,0.014992503748125937,0.09785562642827847
29,0.014492753623188406,0.09729494605329933
28,0.013993003498250873,0.09671929736443548
27,0.013493253373313342,0.09612768300379895
26,0.012993503248375811,0.09551899874863233
25,0.01249375312343828,0.0948920173984149
24,0.01199400299850075,0.0942453694732883
23,0.011494252873563218,0.09357751992985663
22,0.010994502748625687,0.09288673985857303
21,0.010494752623688154,0.09217107179671727
20,0.009995002498750623,0.09142828683420376
19,0.009495252373813092,0.09065583104864497
18,0.008995502248875561,0.08985075789307899
17,0.00849575212393803,0.08900964183671388
16,0.0079960019990005,0.08812846660569511
15,0.0074962518740629685,0.08720247842679713
14,0.006996501749125437,0.08622599013624159
13,0.006496751624187906,0.0851921148296718
12,0.005997001499250375,0.08409239602006803
11,0.005497251374312843,0.0829162815472765
10,0.004997501249375312,0.08165035396832374
9,0.004497751124437781,0.08027716701585863
8,0.00399800099950025,0.0787734159859633
7,0.0034982508745627187,0.07710692003413999
6,0.002998500749625187,0.07523134036932749
5,0.002498750624687656,0.07307620531898562
4,0.001999000499750125,0.07052606384010152
3,0.0014992503748125937,0.06737022640257373
2,0.0009995002498750624,0.06315164616584565
1,0.0004997501249375312,0.056482932492178645
